<?xml version="1.0"?>

<config xmlns:xsi="http://www.w3.org/2001/XMLSchema-instance" xsi:noNamespaceSchemaLocation="../../../../../lib/internal/Magento/
Framework/Acl/etc/acl.xsd">
    <acl>
        <resources>
            <resource id="Magento_Backend::admin">
                <resource id="BDC_SimpleNews::simplenews" title="Simple News" sortOrder="100">
                    <resource id="BDC_SimpleNews::add_news" title="Add News" sortOrder="1" />
                    <resource id="BDC_SimpleNews::manage_news" title="Manage News" sortOrder="2" />
                    <resource id="BDC_SimpleNews::configuration" title="Configurations" sortOrder="3" />
                </resource>
                <resource id="Magento_Backend::stores">
                    <resource id="Magento_Backend::stores_settings">
                        <resource id="Magento_Config::config">
                            <resource id="BDC_SimpleNews::system_config" title="Simple News Section" />
                        </resource>
                    </resource>
                </resource>
            </resource>
        </resources>
    </acl>
</config>
